epoch,learning_rate,loss_aggregation,sample_count,step,train_loss,loss_scope
1,0.001,sample_weighted_mean,67108864,32,0.7897925449651666,complete_patch_sample_weighted_mean_over_previous32_updates
1,0.001,sample_weighted_mean,67108864,64,0.5737493810011074,complete_patch_sample_weighted_mean_over_previous32_updates
1,0.001,sample_weighted_mean,67108864,96,0.404093140270561,complete_patch_sample_weighted_mean_over_previous32_updates
1,0.001,sample_weighted_mean,67108864,128,0.37623231660109013,complete_patch_sample_weighted_mean_over_previous32_updates
1,0.001,sample_weighted_mean,67108864,160,0.2877494044660125,complete_patch_sample_weighted_mean_over_previous32_updates
1,0.001,sample_weighted_mean,67108864,192,0.2324236900676624,complete_patch_sample_weighted_mean_over_previous32_updates
1,0.001,sample_weighted_mean,67108864,224,0.6614784753037384,complete_patch_sample_weighted_mean_over_previous32_updates
1,0.001,sample_weighted_mean,67108864,256,1.0846465275317314,complete_patch_sample_weighted_mean_over_previous32_updates
2,0.001,sample_weighted_mean,67108864,288,0.3541851516929455,complete_patch_sample_weighted_mean_over_previous32_updates
2,0.001,sample_weighted_mean,67108864,320,0.33863379154354334,complete_patch_sample_weighted_mean_over_previous32_updates
2,0.001,sample_weighted_mean,67108864,352,0.22936722863232717,complete_patch_sample_weighted_mean_over_previous32_updates
2,0.001,sample_weighted_mean,67108864,384,0.17135515058180317,complete_patch_sample_weighted_mean_over_previous32_updates
2,0.001,sample_weighted_mean,67108864,416,0.15223538727695995,complete_patch_sample_weighted_mean_over_previous32_updates
2,0.001,sample_weighted_mean,67108864,448,0.0992018465185538,complete_patch_sample_weighted_mean_over_previous32_updates
2,0.001,sample_weighted_mean,67108864,480,0.15004515799228102,complete_patch_sample_weighted_mean_over_previous32_updates
2,0.001,sample_weighted_mean,67108864,512,0.1198921172763221,complete_patch_sample_weighted_mean_over_previous32_updates
3,0.001,sample_weighted_mean,67108864,544,0.10595254723375547,complete_patch_sample_weighted_mean_over_previous32_updates
3,0.001,sample_weighted_mean,67108864,576,0.1481388260726817,complete_patch_sample_weighted_mean_over_previous32_updates
3,0.001,sample_weighted_mean,67108864,608,0.2803746780846268,complete_patch_sample_weighted_mean_over_previous32_updates
3,0.001,sample_weighted_mean,67108864,640,0.2011453597806394,complete_patch_sample_weighted_mean_over_previous32_updates
3,0.001,sample_weighted_mean,67108864,672,0.10588454760727473,complete_patch_sample_weighted_mean_over_previous32_updates
3,0.001,sample_weighted_mean,67108864,704,0.10272306017577648,complete_patch_sample_weighted_mean_over_previous32_updates
3,0.001,sample_weighted_mean,67108864,736,0.11639082059264183,complete_patch_sample_weighted_mean_over_previous32_updates
3,0.001,sample_weighted_mean,67108864,768,0.1234023685401553,complete_patch_sample_weighted_mean_over_previous32_updates
4,0.001,sample_weighted_mean,67108864,800,0.10556116186126019,complete_patch_sample_weighted_mean_over_previous32_updates
4,0.001,sample_weighted_mean,67108864,832,0.12064069107873365,complete_patch_sample_weighted_mean_over_previous32_updates
4,0.001,sample_weighted_mean,67108864,864,0.11322399027994834,complete_patch_sample_weighted_mean_over_previous32_updates
4,0.001,sample_weighted_mean,67108864,896,0.11317301349481568,complete_patch_sample_weighted_mean_over_previous32_updates
4,0.001,sample_weighted_mean,67108864,928,0.09826214902568609,complete_patch_sample_weighted_mean_over_previous32_updates
4,0.001,sample_weighted_mean,67108864,960,0.0853693158715032,complete_patch_sample_weighted_mean_over_previous32_updates
4,0.001,sample_weighted_mean,67108864,992,0.10430714348331094,complete_patch_sample_weighted_mean_over_previous32_updates
4,0.001,sample_weighted_mean,67108864,1024,0.09174478825298138,complete_patch_sample_weighted_mean_over_previous32_updates
5,0.001,sample_weighted_mean,67108864,1056,0.0824413086520508,complete_patch_sample_weighted_mean_over_previous32_updates
5,0.001,sample_weighted_mean,67108864,1088,0.07639944681432098,complete_patch_sample_weighted_mean_over_previous32_updates
5,0.001,sample_weighted_mean,67108864,1120,0.0999349174744566,complete_patch_sample_weighted_mean_over_previous32_updates
5,0.001,sample_weighted_mean,67108864,1152,0.08363468560855836,complete_patch_sample_weighted_mean_over_previous32_updates
5,0.001,sample_weighted_mean,67108864,1184,0.08069808653090149,complete_patch_sample_weighted_mean_over_previous32_updates
5,0.001,sample_weighted_mean,67108864,1216,0.07887732068775222,complete_patch_sample_weighted_mean_over_previous32_updates
5,0.001,sample_weighted_mean,67108864,1248,0.1126092100457754,complete_patch_sample_weighted_mean_over_previous32_updates
5,0.001,sample_weighted_mean,67108864,1280,0.08768578121089377,complete_patch_sample_weighted_mean_over_previous32_updates
6,0.001,sample_weighted_mean,67108864,1312,0.08279606749420054,complete_patch_sample_weighted_mean_over_previous32_updates
6,0.001,sample_weighted_mean,67108864,1344,0.1048669054871425,complete_patch_sample_weighted_mean_over_previous32_updates
6,0.001,sample_weighted_mean,67108864,1376,0.08229226755793206,complete_patch_sample_weighted_mean_over_previous32_updates
6,0.001,sample_weighted_mean,67108864,1408,0.07165279389300849,complete_patch_sample_weighted_mean_over_previous32_updates
6,0.001,sample_weighted_mean,67108864,1440,0.10367172289988957,complete_patch_sample_weighted_mean_over_previous32_updates
6,0.001,sample_weighted_mean,67108864,1472,0.10197197139495984,complete_patch_sample_weighted_mean_over_previous32_updates
6,0.001,sample_weighted_mean,67108864,1504,0.07355134230238036,complete_patch_sample_weighted_mean_over_previous32_updates
6,0.001,sample_weighted_mean,67108864,1536,0.08955605189294147,complete_patch_sample_weighted_mean_over_previous32_updates
7,0.0001,sample_weighted_mean,67108864,1568,0.08010968658436468,complete_patch_sample_weighted_mean_over_previous32_updates
7,0.0001,sample_weighted_mean,67108864,1600,0.07492520799860358,complete_patch_sample_weighted_mean_over_previous32_updates
7,0.0001,sample_weighted_mean,67108864,1632,0.06449658671044745,complete_patch_sample_weighted_mean_over_previous32_updates
7,0.0001,sample_weighted_mean,67108864,1664,0.056895198782513035,complete_patch_sample_weighted_mean_over_previous32_updates
7,0.0001,sample_weighted_mean,67108864,1696,0.06353926356314332,complete_patch_sample_weighted_mean_over_previous32_updates
7,0.0001,sample_weighted_mean,67108864,1728,0.07620954165759031,complete_patch_sample_weighted_mean_over_previous32_updates
7,0.0001,sample_weighted_mean,67108864,1760,0.06616415590360702,complete_patch_sample_weighted_mean_over_previous32_updates
7,0.0001,sample_weighted_mean,67108864,1792,0.06872742614359595,complete_patch_sample_weighted_mean_over_previous32_updates
8,0.0001,sample_weighted_mean,67108864,1824,0.07280048576649278,complete_patch_sample_weighted_mean_over_previous32_updates
8,0.0001,sample_weighted_mean,67108864,1856,0.06691741155373165,complete_patch_sample_weighted_mean_over_previous32_updates
8,0.0001,sample_weighted_mean,67108864,1888,0.07918101327959448,complete_patch_sample_weighted_mean_over_previous32_updates
8,0.0001,sample_weighted_mean,67108864,1920,0.06728565547382459,complete_patch_sample_weighted_mean_over_previous32_updates
8,0.0001,sample_weighted_mean,67108864,1952,0.06126207672059536,complete_patch_sample_weighted_mean_over_previous32_updates
8,0.0001,sample_weighted_mean,67108864,1984,0.06812899585929699,complete_patch_sample_weighted_mean_over_previous32_updates
8,0.0001,sample_weighted_mean,67108864,2016,0.06184904033489147,complete_patch_sample_weighted_mean_over_previous32_updates
8,0.0001,sample_weighted_mean,67108864,2048,0.05939445487456396,complete_patch_sample_weighted_mean_over_previous32_updates
